INSERT INTO PUBLIC.SKILL (ID, NAME) VALUES (1, 'java');
INSERT INTO PUBLIC.SKILL (ID, NAME) VALUES (2, 'javaee');
INSERT INTO PUBLIC.SKILL (ID, NAME) VALUES (3, 'rest');
INSERT INTO PUBLIC.SKILL (ID, NAME) VALUES (4, 'graphql');
INSERT INTO PUBLIC.SKILL (ID, NAME) VALUES (5, 'microservice');
INSERT INTO PUBLIC.SKILL (ID, NAME) VALUES (6, 'soa');
INSERT INTO PUBLIC.SKILL (ID, NAME) VALUES (7, 'oracle soa suite');
INSERT INTO PUBLIC.SKILL (ID, NAME) VALUES (8, 'DevOps');
INSERT INTO PUBLIC.SKILL (ID, NAME) VALUES (9, 'gestao de pessoas');
INSERT INTO PUBLIC.SKILL (ID, NAME) VALUES (10, 'PMI');
INSERT INTO PUBLIC.SKILL (ID, NAME) VALUES (11, 'Scrum');
INSERT INTO PUBLIC.SKILL (ID, NAME) VALUES (12, 'Agile');

INSERT INTO PUBLIC.PROJECT (ID, CUSTOMER, DT_BEGIN, DT_END, NAME, VALUE_OF_PROJECT) VALUES (1, 'NET', '2016-11-05 08:15:30.000000', '2017-11-05 08:15:30.000000', 'Portal cadastro NET', 1000000);
INSERT INTO PUBLIC.PROJECT (ID, CUSTOMER, DT_BEGIN, DT_END, NAME, VALUE_OF_PROJECT) VALUES (2, 'Multiplus Fidelidade', '2015-11-05 08:15:30.000000', '2018-11-05 08:15:30.000000', 'Fulfillment', 1000000);

INSERT INTO PUBLIC.EMPLOYEE (ID, GCM, NAME, ROLE, SALARY, MANAGER_ID) VALUES (1, 6, 'Marcelo Ricciardi', 2, 14000, null);
INSERT INTO PUBLIC.EMPLOYEE (ID, GCM, NAME, ROLE, SALARY, MANAGER_ID) VALUES (2, 5, 'Renato Garcia', 0, 2000, 1);
INSERT INTO PUBLIC.EMPLOYEE (ID, GCM, NAME, ROLE, SALARY, MANAGER_ID) VALUES (3, 4, 'Jose Carlos', 1, 1700, 1);
INSERT INTO PUBLIC.EMPLOYEE (ID, GCM, NAME, ROLE, SALARY, MANAGER_ID) VALUES (4, 4, 'Gabriel Luz', 1, 9000, 1);

INSERT INTO PUBLIC.EMPLOYEE_PROJECT (EMPLOYEE, PROJECT) VALUES (2, 1);
INSERT INTO PUBLIC.EMPLOYEE_PROJECT (EMPLOYEE, PROJECT) VALUES (3, 2);
INSERT INTO PUBLIC.EMPLOYEE_PROJECT (EMPLOYEE, PROJECT) VALUES (4, 2);

INSERT INTO PUBLIC.EMPLOYEE_SKILL (EMPLOYEE, SKILL) VALUES (2, 1);
INSERT INTO PUBLIC.EMPLOYEE_SKILL (EMPLOYEE, SKILL) VALUES (2, 2);
INSERT INTO PUBLIC.EMPLOYEE_SKILL (EMPLOYEE, SKILL) VALUES (2, 3);
INSERT INTO PUBLIC.EMPLOYEE_SKILL (EMPLOYEE, SKILL) VALUES (2, 4);
INSERT INTO PUBLIC.EMPLOYEE_SKILL (EMPLOYEE, SKILL) VALUES (2, 5);
INSERT INTO PUBLIC.EMPLOYEE_SKILL (EMPLOYEE, SKILL) VALUES (2, 6);
INSERT INTO PUBLIC.EMPLOYEE_SKILL (EMPLOYEE, SKILL) VALUES (2, 7);
INSERT INTO PUBLIC.EMPLOYEE_SKILL (EMPLOYEE, SKILL) VALUES (3, 1);
INSERT INTO PUBLIC.EMPLOYEE_SKILL (EMPLOYEE, SKILL) VALUES (3, 2);
INSERT INTO PUBLIC.EMPLOYEE_SKILL (EMPLOYEE, SKILL) VALUES (3, 8);
INSERT INTO PUBLIC.EMPLOYEE_SKILL (EMPLOYEE, SKILL) VALUES (4, 1);
INSERT INTO PUBLIC.EMPLOYEE_SKILL (EMPLOYEE, SKILL) VALUES (4, 2);
INSERT INTO PUBLIC.EMPLOYEE_SKILL (EMPLOYEE, SKILL) VALUES (1, 9);
INSERT INTO PUBLIC.EMPLOYEE_SKILL (EMPLOYEE, SKILL) VALUES (1, 10);
INSERT INTO PUBLIC.EMPLOYEE_SKILL (EMPLOYEE, SKILL) VALUES (1, 11);
INSERT INTO PUBLIC.EMPLOYEE_SKILL (EMPLOYEE, SKILL) VALUES (1, 12);
INSERT INTO PUBLIC.EMPLOYEE_SKILL (EMPLOYEE, SKILL) VALUES (1, 8);

INSERT INTO PUBLIC.CERTIFICATION (ID, NAME, EMPLOYEE_ID, EMPLOYEE) VALUES (1, 'Oracle SOA Suite 11g Essentials - Jun 2015', 2, 2);
INSERT INTO PUBLIC.CERTIFICATION (ID, NAME, EMPLOYEE_ID, EMPLOYEE) VALUES (2, 'Oracle Certified Professional, Java SE 7 Programmer - Aug 2014', 2, 2);
INSERT INTO PUBLIC.CERTIFICATION (ID, NAME, EMPLOYEE_ID, EMPLOYEE) VALUES (3, 'ITIL® Foundation Certificate Jun 2013', 2, 2);
INSERT INTO PUBLIC.CERTIFICATION (ID, NAME, EMPLOYEE_ID, EMPLOYEE) VALUES (4, 'Sun Certified Enterprise Architect for the Java Platform Oct 2010', 2, 2);
INSERT INTO PUBLIC.CERTIFICATION (ID, NAME, EMPLOYEE_ID, EMPLOYEE) VALUES (5, 'Sun Certified Associate for Java Platform - Oct 2008', 2, 2);
INSERT INTO PUBLIC.CERTIFICATION (ID, NAME, EMPLOYEE_ID, EMPLOYEE) VALUES (6, 'Sun Certified Business Component Developer for the Java Platform, EE 5 - Nov 2007', 2, 2);
INSERT INTO PUBLIC.CERTIFICATION (ID, NAME, EMPLOYEE_ID, EMPLOYEE) VALUES (7, 'Sun Certified Business Component Developer for the Java Platform, EE 1.3 - Feb 2007', 2, 2);
INSERT INTO PUBLIC.CERTIFICATION (ID, NAME, EMPLOYEE_ID, EMPLOYEE) VALUES (8, 'Sun Certified Web Component Developer for the Java Platform - Oct 2006', 2, 2);
INSERT INTO PUBLIC.CERTIFICATION (ID, NAME, EMPLOYEE_ID, EMPLOYEE) VALUES (9, 'Sun Certified Programmer for the Java Platform - Jun 2006', 2, 2);
INSERT INTO PUBLIC.CERTIFICATION (ID, NAME, EMPLOYEE_ID, EMPLOYEE) VALUES (10, 'Sun Certified Programmer for the Java Platform', 3, 3);
INSERT INTO PUBLIC.CERTIFICATION (ID, NAME, EMPLOYEE_ID, EMPLOYEE) VALUES (11, 'Sun Certified Programmer for the Java Platform', 4, 4);
INSERT INTO PUBLIC.CERTIFICATION (ID, NAME, EMPLOYEE_ID, EMPLOYEE) VALUES (12, 'Sun Certified Programmer for the Java Platform', 1, 1);